Orthogroup	Complete	nigon	1	2
0at6231	Complete	D	1	2
6at6231	Complete	E	1	2
7at6231	Complete	C	1	2
18at6231	Complete	A	1	2
19at6231	Complete	E	1	2
20at6231	Complete	B	1	2
22at6231	Complete	A	1	2
23at6231	Complete	C	1	2
25at6231	Complete	X	1	2
28at6231	Complete	C	1	2
29at6231	Complete	D	1	2
35at6231	Complete	E	1	2
40at6231	Complete	E	1	2
43at6231	Complete	A	1	2
48at6231	Complete	A	1	2
55at6231	Complete	C	1	2
57at6231	Complete	A	1	2
60at6231	Complete	D	1	2
63at6231	Complete	D	1	2
65at6231	Complete	B	1	2
67at6231	Complete	X	1	2
68at6231	Complete	A	1	2
72at6231	Complete	C	1	2
74at6231	Complete	A	1	2
76at6231	Complete	A	1	2
91at6231	Complete	D	1	2
92at6231	Complete	C	1	2
96at6231	Complete	D	1	2
100at6231	Complete	B	1	2
101at6231	Complete	N	1	2
107at6231	Complete	B	1	2
112at6231	Complete	N	1	2
119at6231	Complete	C	1	2
121at6231	Complete	A	1	2
125at6231	Complete	E	1	2
127at6231	Complete	N	1	2
132at6231	Complete	C	1	2
137at6231	Complete	C	1	2
139at6231	Complete	X	1	2
144at6231	Complete	N	1	2
146at6231	Complete	B	1	2
147at6231	Complete	N	1	2
149at6231	Complete	B	1	2
151at6231	Complete	C	1	2
161at6231	Complete	B	1	2
165at6231	Complete	X	1	2
166at6231	Complete	C	1	2
170at6231	Complete	D	1	2
172at6231	Complete	D	1	2
174at6231	Complete	C	1	2
175at6231	Complete	A	1	2
181at6231	Complete	B	1	2
183at6231	Complete	C	1	2
184at6231	Complete	B	1	2
185at6231	Complete	C	1	2
189at6231	Complete	N	1	2
190at6231	Complete	B	1	2
194at6231	Complete	D	1	2
196at6231	Complete	C	1	2
197at6231	Complete	B	1	2
198at6231	Complete	N	1	2
211at6231	Complete	C	1	2
216at6231	Complete	A	1	2
217at6231	Complete	E	1	2
219at6231	Complete	B	1	2
232at6231	Complete	N	1	2
233at6231	Complete	D	1	2
238at6231	Complete	A	1	2
241at6231	Complete	A	1	2
243at6231	Complete	D	1	2
252at6231	Complete	X	1	2
255at6231	Complete	C	1	2
265at6231	Complete	C	1	2
267at6231	Complete	C	1	2
270at6231	Complete	E	1	2
271at6231	Complete	A	1	2
279at6231	Complete	C	1	2
286at6231	Complete	E	1	2
287at6231	Complete	E	1	2
288at6231	Complete	A	1	2
293at6231	Complete	C	1	2
299at6231	Complete	C	1	2
300at6231	Complete	C	1	2
302at6231	Complete	B	1	2
311at6231	Complete	N	1	2
318at6231	Complete	A	1	2
319at6231	Complete	B	1	2
322at6231	Complete	N	1	2
323at6231	Complete	D	1	2
327at6231	Complete	A	1	2
333at6231	Complete	A	1	2
334at6231	Complete	C	1	2
344at6231	Complete	D	1	2
345at6231	Complete	C	1	2
346at6231	Complete	A	1	2
350at6231	Complete	D	1	2
364at6231	Complete	D	1	2
366at6231	Complete	A	1	2
369at6231	Complete	D	1	2
373at6231	Complete	C	1	2
375at6231	Complete	N	1	2
378at6231	Complete	N	1	2
382at6231	Complete	B	1	2
384at6231	Complete	B	1	2
394at6231	Complete	N	1	2
402at6231	Complete	N	1	2
405at6231	Complete	B	1	2
411at6231	Complete	A	1	2
416at6231	Complete	E	1	2
420at6231	Complete	E	1	2
421at6231	Complete	X	1	2
422at6231	Complete	A	1	2
423at6231	Complete	C	1	2
425at6231	Complete	D	1	2
428at6231	Complete	C	1	2
430at6231	Complete	A	1	2
432at6231	Complete	X	1	2
433at6231	Complete	C	1	2
435at6231	Complete	C	1	2
438at6231	Complete	N	1	2
439at6231	Complete	N	1	2
442at6231	Complete	X	1	2
446at6231	Complete	B	1	2
450at6231	Complete	B	1	2
451at6231	Complete	C	1	2
452at6231	Complete	D	1	2
454at6231	Complete	E	1	2
455at6231	Complete	E	1	2
473at6231	Complete	E	1	2
482at6231	Complete	E	1	2
484at6231	Complete	A	1	2
487at6231	Complete	E	1	2
488at6231	Complete	A	1	2
489at6231	Complete	A	1	2
490at6231	Complete	E	1	2
493at6231	Complete	X	1	2
494at6231	Complete	B	1	2
495at6231	Complete	D	1	2
498at6231	Complete	E	1	2
503at6231	Complete	A	1	2
509at6231	Complete	A	1	2
514at6231	Complete	D	1	2
516at6231	Complete	N	1	2
522at6231	Complete	A	1	2
523at6231	Complete	A	1	2
525at6231	Complete	B	1	2
527at6231	Complete	C	1	2
529at6231	Complete	C	1	2
531at6231	Complete	A	1	2
532at6231	Complete	A	1	2
534at6231	Complete	B	1	2
536at6231	Complete	B	1	2
537at6231	Complete	B	1	2
538at6231	Complete	C	1	2
544at6231	Complete	E	1	2
547at6231	Complete	E	1	2
548at6231	Complete	A	1	2
551at6231	Complete	B	1	2
562at6231	Complete	A	1	2
563at6231	Complete	X	1	2
568at6231	Complete	X	1	2
572at6231	Complete	B	1	2
575at6231	Complete	N	1	2
581at6231	Complete	A	1	2
585at6231	Complete	B	1	2
590at6231	Complete	A	1	2
593at6231	Complete	B	1	2
594at6231	Complete	A	1	2
596at6231	Complete	X	1	2
597at6231	Complete	C	1	2
600at6231	Complete	X	1	2
604at6231	Complete	B	1	2
606at6231	Complete	E	1	2
612at6231	Complete	D	1	2
613at6231	Complete	A	1	2
620at6231	Complete	C	1	2
625at6231	Complete	X	1	2
627at6231	Complete	B	1	2
629at6231	Complete	C	1	2
632at6231	Complete	C	1	2
638at6231	Complete	D	1	2
639at6231	Complete	C	1	2
642at6231	Complete	E	1	2
644at6231	Complete	A	1	2
645at6231	Complete	B	1	2
646at6231	Complete	A	1	2
650at6231	Complete	B	1	2
651at6231	Complete	N	1	2
655at6231	Complete	B	1	2
657at6231	Complete	B	1	2
665at6231	Complete	A	1	2
675at6231	Complete	A	1	2
683at6231	Complete	E	1	2
700at6231	Complete	C	1	2
701at6231	Complete	E	1	2
702at6231	Complete	B	1	2
704at6231	Complete	N	1	2
708at6231	Complete	E	1	2
710at6231	Complete	B	1	2
714at6231	Complete	E	1	2
716at6231	Complete	C	1	2
718at6231	Complete	N	1	2
721at6231	Complete	A	1	2
722at6231	Complete	C	1	2
724at6231	Complete	C	1	2
725at6231	Complete	N	1	2
726at6231	Complete	C	1	2
728at6231	Complete	D	1	2
734at6231	Complete	C	1	2
735at6231	Complete	N	1	2
736at6231	Complete	B	1	2
737at6231	Complete	C	1	2
741at6231	Complete	C	1	2
743at6231	Complete	E	1	2
746at6231	Complete	B	1	2
747at6231	Complete	C	1	2
753at6231	Complete	B	1	2
755at6231	Complete	X	1	2
759at6231	Complete	D	1	2
762at6231	Complete	X	1	2
765at6231	Complete	B	1	2
772at6231	Complete	B	1	2
774at6231	Complete	B	1	2
780at6231	Complete	B	1	2
781at6231	Complete	X	1	2
782at6231	Complete	C	1	2
785at6231	Complete	C	1	2
786at6231	Complete	D	1	2
787at6231	Complete	E	1	2
788at6231	Complete	X	1	2
790at6231	Complete	X	1	2
792at6231	Complete	C	1	2
794at6231	Complete	B	1	2
798at6231	Complete	A	1	2
800at6231	Complete	B	1	2
801at6231	Complete	N	1	2
802at6231	Complete	N	1	2
803at6231	Complete	C	1	2
810at6231	Complete	B	1	2
813at6231	Complete	B	1	2
814at6231	Complete	N	1	2
815at6231	Complete	C	1	2
821at6231	Complete	C	1	2
825at6231	Complete	B	1	2
829at6231	Complete	C	1	2
831at6231	Complete	C	1	2
837at6231	Complete	X	1	2
838at6231	Complete	C	1	2
842at6231	Complete	C	1	2
844at6231	Complete	D	1	2
845at6231	Complete	E	1	2
849at6231	Complete	A	1	2
850at6231	Complete	E	1	2
853at6231	Complete	A	1	2
857at6231	Complete	E	1	2
860at6231	Complete	C	1	2
862at6231	Complete	B	1	2
868at6231	Complete	E	1	2
869at6231	Complete	C	1	2
875at6231	Complete	D	1	2
876at6231	Complete	N	1	2
879at6231	Complete	N	1	2
881at6231	Complete	A	1	2
885at6231	Complete	E	1	2
899at6231	Complete	A	1	2
902at6231	Complete	E	1	2
904at6231	Complete	X	1	2
914at6231	Complete	B	1	2
915at6231	Complete	A	1	2
916at6231	Complete	B	1	2
917at6231	Complete	E	1	2
918at6231	Complete	A	1	2
920at6231	Complete	B	1	2
921at6231	Complete	D	1	2
922at6231	Complete	D	1	2
925at6231	Complete	C	1	2
933at6231	Complete	N	1	2
934at6231	Complete	D	1	2
937at6231	Complete	A	1	2
939at6231	Complete	B	1	2
952at6231	Complete	N	1	2
957at6231	Complete	B	1	2
958at6231	Complete	B	1	2
961at6231	Complete	N	1	2
963at6231	Complete	C	1	2
968at6231	Complete	B	1	2
969at6231	Complete	A	1	2
984at6231	Complete	N	1	2
987at6231	Complete	C	1	2
989at6231	Complete	B	1	2
990at6231	Complete	A	1	2
993at6231	Complete	E	1	2
994at6231	Complete	X	1	2
995at6231	Complete	E	1	2
997at6231	Complete	B	1	2
998at6231	Complete	X	1	2
1003at6231	Complete	B	1	2
1013at6231	Complete	N	1	2
1014at6231	Complete	E	1	2
1016at6231	Complete	B	1	2
1017at6231	Complete	C	1	2
1018at6231	Complete	C	1	2
1019at6231	Complete	D	1	2
1024at6231	Complete	B	1	2
1032at6231	Complete	C	1	2
1033at6231	Complete	A	1	2
1034at6231	Complete	C	1	2
1035at6231	Complete	B	1	2
1037at6231	Complete	D	1	2
1040at6231	Complete	B	1	2
1047at6231	Complete	C	1	2
1053at6231	Complete	A	1	2
1055at6231	Complete	C	1	2
1056at6231	Complete	A	1	2
1057at6231	Complete	D	1	2
1066at6231	Complete	N	1	2
1067at6231	Complete	A	1	2
1072at6231	Complete	D	1	2
1073at6231	Complete	B	1	2
1082at6231	Complete	B	1	2
1083at6231	Complete	E	1	2
1088at6231	Complete	B	1	2
1101at6231	Complete	A	1	2
1104at6231	Complete	B	1	2
1112at6231	Complete	E	1	2
1113at6231	Complete	A	1	2
1118at6231	Complete	C	1	2
1122at6231	Complete	D	1	2
1129at6231	Complete	D	1	2
1131at6231	Complete	C	1	2
1133at6231	Complete	N	1	2
1134at6231	Complete	A	1	2
1135at6231	Complete	E	1	2
1138at6231	Complete	A	1	2
1142at6231	Complete	A	1	2
1144at6231	Complete	C	1	2
1147at6231	Complete	A	1	2
1148at6231	Complete	C	1	2
1150at6231	Complete	A	1	2
1152at6231	Complete	C	1	2
1153at6231	Complete	E	1	2
1155at6231	Complete	A	1	2
1158at6231	Complete	B	1	2
1159at6231	Complete	C	1	2
1173at6231	Complete	B	1	2
1174at6231	Complete	A	1	2
1175at6231	Complete	N	1	2
1177at6231	Complete	C	1	2
1179at6231	Complete	A	1	2
1180at6231	Complete	X	1	2
1182at6231	Complete	N	1	2
1193at6231	Complete	C	1	2
1196at6231	Complete	A	1	2
1199at6231	Complete	B	1	2
1200at6231	Complete	B	1	2
1202at6231	Complete	C	1	2
1205at6231	Complete	D	1	2
1207at6231	Complete	E	1	2
1211at6231	Complete	A	1	2
1212at6231	Complete	C	1	2
1215at6231	Complete	E	1	2
1222at6231	Complete	X	1	2
1223at6231	Complete	D	1	2
1228at6231	Complete	E	1	2
1233at6231	Complete	N	1	2
1235at6231	Complete	D	1	2
1252at6231	Complete	A	1	2
1255at6231	Complete	C	1	2
1263at6231	Complete	A	1	2
1264at6231	Complete	D	1	2
1266at6231	Complete	D	1	2
1270at6231	Complete	A	1	2
1272at6231	Complete	C	1	2
1273at6231	Complete	E	1	2
1275at6231	Complete	A	1	2
1278at6231	Complete	B	1	2
1279at6231	Complete	X	1	2
1281at6231	Complete	N	1	2
1288at6231	Complete	A	1	2
1293at6231	Complete	A	1	2
1295at6231	Complete	A	1	2
1301at6231	Complete	A	1	2
1313at6231	Complete	E	1	2
1314at6231	Complete	B	1	2
1316at6231	Complete	C	1	2
1317at6231	Complete	E	1	2
1318at6231	Complete	B	1	2
1320at6231	Complete	E	1	2
1322at6231	Complete	A	1	2
1326at6231	Complete	D	1	2
1327at6231	Complete	C	1	2
1328at6231	Complete	C	1	2
1329at6231	Complete	A	1	2
1344at6231	Complete	B	1	2
1346at6231	Complete	E	1	2
1349at6231	Complete	N	1	2
1350at6231	Complete	B	1	2
1352at6231	Complete	C	1	2
1358at6231	Complete	B	1	2
1360at6231	Complete	B	1	2
1361at6231	Complete	A	1	2
1362at6231	Complete	E	1	2
1366at6231	Complete	D	1	2
1373at6231	Complete	A	1	2
1375at6231	Complete	A	1	2
1376at6231	Complete	E	1	2
1377at6231	Complete	B	1	2
1378at6231	Complete	C	1	2
1381at6231	Complete	A	1	2
1383at6231	Complete	A	1	2
1389at6231	Complete	A	1	2
1395at6231	Complete	B	1	2
1400at6231	Complete	E	1	2
1404at6231	Complete	D	1	2
1405at6231	Complete	A	1	2
1407at6231	Complete	N	1	2
1409at6231	Complete	D	1	2
1411at6231	Complete	D	1	2
1413at6231	Complete	A	1	2
1416at6231	Complete	E	1	2
1427at6231	Complete	A	1	2
1432at6231	Complete	N	1	2
1434at6231	Complete	C	1	2
1437at6231	Complete	A	1	2
1441at6231	Complete	C	1	2
1444at6231	Complete	B	1	2
1449at6231	Complete	C	1	2
1450at6231	Complete	X	1	2
1452at6231	Complete	A	1	2
1454at6231	Complete	C	1	2
1459at6231	Complete	E	1	2
1466at6231	Complete	A	1	2
1471at6231	Complete	E	1	2
1473at6231	Complete	A	1	2
1478at6231	Complete	E	1	2
1482at6231	Complete	C	1	2
1484at6231	Complete	A	1	2
1490at6231	Complete	X	1	2
1491at6231	Complete	D	1	2
1492at6231	Complete	A	1	2
1495at6231	Complete	N	1	2
1498at6231	Complete	D	1	2
1499at6231	Complete	A	1	2
1506at6231	Complete	B	1	2
1509at6231	Complete	C	1	2
1514at6231	Complete	D	1	2
1517at6231	Complete	X	1	2
1518at6231	Complete	A	1	2
1519at6231	Complete	N	1	2
1533at6231	Complete	D	1	2
1535at6231	Complete	E	1	2
1537at6231	Complete	C	1	2
1541at6231	Complete	X	1	2
1543at6231	Complete	B	1	2
1548at6231	Complete	C	1	2
1551at6231	Complete	C	1	2
1552at6231	Complete	A	1	2
1556at6231	Complete	A	1	2
1561at6231	Complete	N	1	2
1566at6231	Complete	N	1	2
1572at6231	Complete	C	1	2
1574at6231	Complete	N	1	2
1576at6231	Complete	N	1	2
1587at6231	Complete	X	1	2
1588at6231	Complete	E	1	2
1590at6231	Complete	B	1	2
1592at6231	Complete	N	1	2
1594at6231	Complete	A	1	2
1596at6231	Complete	A	1	2
1598at6231	Complete	N	1	2
1601at6231	Complete	D	1	2
1604at6231	Complete	E	1	2
1605at6231	Complete	E	1	2
1606at6231	Complete	A	1	2
1608at6231	Complete	B	1	2
1611at6231	Complete	N	1	2
1613at6231	Complete	B	1	2
1616at6231	Complete	N	1	2
1617at6231	Complete	B	1	2
1620at6231	Complete	A	1	2
1635at6231	Complete	C	1	2
1636at6231	Complete	X	1	2
1637at6231	Complete	B	1	2
1638at6231	Complete	D	1	2
1639at6231	Complete	D	1	2
1641at6231	Complete	B	1	2
1642at6231	Complete	D	1	2
1643at6231	Complete	C	1	2
1645at6231	Complete	A	1	2
1647at6231	Complete	B	1	2
1649at6231	Complete	A	1	2
1656at6231	Complete	C	1	2
1663at6231	Complete	E	1	2
1666at6231	Complete	C	1	2
1669at6231	Complete	E	1	2
1670at6231	Complete	E	1	2
1671at6231	Complete	E	1	2
1673at6231	Complete	A	1	2
1683at6231	Complete	C	1	2
1686at6231	Complete	E	1	2
1687at6231	Complete	D	1	2
1691at6231	Complete	E	1	2
1698at6231	Complete	B	1	2
1699at6231	Complete	C	1	2
1702at6231	Complete	A	1	2
1704at6231	Complete	B	1	2
1705at6231	Complete	X	1	2
1706at6231	Complete	B	1	2
1712at6231	Complete	B	1	2
1715at6231	Complete	C	1	2
1724at6231	Complete	C	1	2
1739at6231	Complete	D	1	2
1743at6231	Complete	N	1	2
1750at6231	Complete	D	1	2
1757at6231	Complete	A	1	2
1759at6231	Complete	B	1	2
1761at6231	Complete	B	1	2
1762at6231	Complete	E	1	2
1770at6231	Complete	E	1	2
1771at6231	Complete	D	1	2
1778at6231	Complete	A	1	2
1780at6231	Complete	B	1	2
1785at6231	Complete	C	1	2
1797at6231	Complete	N	1	2
1801at6231	Complete	E	1	2
1817at6231	Complete	N	1	2
1821at6231	Complete	N	1	2
1822at6231	Complete	E	1	2
1823at6231	Complete	C	1	2
1827at6231	Complete	X	1	2
1831at6231	Complete	A	1	2
1835at6231	Complete	X	1	2
1837at6231	Complete	A	1	2
1838at6231	Complete	E	1	2
1847at6231	Complete	D	1	2
1849at6231	Complete	C	1	2
1852at6231	Complete	C	1	2
1856at6231	Complete	A	1	2
1865at6231	Complete	E	1	2
1870at6231	Complete	D	1	2
1871at6231	Complete	A	1	2
1872at6231	Complete	C	1	2
1873at6231	Complete	X	1	2
1877at6231	Complete	C	1	2
1884at6231	Complete	X	1	2
1890at6231	Complete	E	1	2
1894at6231	Complete	D	1	2
1895at6231	Complete	D	1	2
1898at6231	Complete	C	1	2
1914at6231	Complete	B	1	2
1915at6231	Complete	C	1	2
1918at6231	Complete	D	1	2
1921at6231	Complete	C	1	2
1927at6231	Complete	N	1	2
1931at6231	Complete	A	1	2
1942at6231	Complete	B	1	2
1963at6231	Complete	C	1	2
1964at6231	Complete	X	1	2
1966at6231	Complete	X	1	2
1967at6231	Complete	A	1	2
1968at6231	Complete	C	1	2
1971at6231	Complete	A	1	2
1974at6231	Complete	X	1	2
1978at6231	Complete	A	1	2
1979at6231	Complete	A	1	2
1980at6231	Complete	A	1	2
1991at6231	Complete	N	1	2
1998at6231	Complete	C	1	2
2000at6231	Complete	C	1	2
2008at6231	Complete	N	1	2
2012at6231	Complete	A	1	2
2014at6231	Complete	B	1	2
2018at6231	Complete	E	1	2
2021at6231	Complete	E	1	2
2022at6231	Complete	X	1	2
2023at6231	Complete	A	1	2
2028at6231	Complete	B	1	2
2038at6231	Complete	E	1	2
2041at6231	Complete	A	1	2
2042at6231	Complete	B	1	2
2058at6231	Complete	C	1	2
2072at6231	Complete	A	1	2
2073at6231	Complete	A	1	2
2075at6231	Complete	E	1	2
2077at6231	Complete	E	1	2
2080at6231	Complete	B	1	2
2089at6231	Complete	B	1	2
2092at6231	Complete	A	1	2
2096at6231	Complete	C	1	2
2099at6231	Complete	C	1	2
2100at6231	Complete	X	1	2
2102at6231	Complete	B	1	2
2103at6231	Complete	B	1	2
2105at6231	Complete	C	1	2
2107at6231	Complete	C	1	2
2114at6231	Complete	E	1	2
2115at6231	Complete	X	1	2
2120at6231	Complete	C	1	2
2125at6231	Complete	N	1	2
2128at6231	Complete	E	1	2
2131at6231	Complete	E	1	2
2132at6231	Complete	E	1	2
2137at6231	Complete	E	1	2
2152at6231	Complete	E	1	2
2159at6231	Complete	N	1	2
2160at6231	Complete	D	1	2
2164at6231	Complete	B	1	2
2170at6231	Complete	C	1	2
2173at6231	Complete	B	1	2
2181at6231	Complete	D	1	2
2182at6231	Complete	A	1	2
2185at6231	Complete	X	1	2
2187at6231	Complete	A	1	2
2198at6231	Complete	C	1	2
2201at6231	Complete	C	1	2
2202at6231	Complete	D	1	2
2204at6231	Complete	D	1	2
2206at6231	Complete	N	1	2
2208at6231	Complete	X	1	2
2211at6231	Complete	D	1	2
2213at6231	Complete	A	1	2
2229at6231	Complete	A	1	2
2232at6231	Complete	A	1	2
2236at6231	Complete	E	1	2
2240at6231	Complete	A	1	2
2247at6231	Complete	N	1	2
2251at6231	Complete	X	1	2
2255at6231	Complete	A	1	2
2257at6231	Complete	C	1	2
2263at6231	Complete	D	1	2
2267at6231	Complete	A	1	2
2268at6231	Complete	D	1	2
2270at6231	Complete	D	1	2
2274at6231	Complete	E	1	2
2277at6231	Complete	B	1	2
2295at6231	Complete	N	1	2
2297at6231	Complete	B	1	2
2299at6231	Complete	A	1	2
2302at6231	Complete	N	1	2
2304at6231	Complete	C	1	2
2308at6231	Complete	N	1	2
2311at6231	Complete	A	1	2
2312at6231	Complete	C	1	2
2321at6231	Complete	E	1	2
2324at6231	Complete	C	1	2
2327at6231	Complete	N	1	2
2329at6231	Complete	C	1	2
2332at6231	Complete	A	1	2
2338at6231	Complete	D	1	2
2339at6231	Complete	A	1	2
2341at6231	Complete	N	1	2
2345at6231	Complete	X	1	2
2351at6231	Complete	A	1	2
2353at6231	Complete	A	1	2
2357at6231	Complete	E	1	2
2368at6231	Complete	E	1	2
2370at6231	Complete	N	1	2
2380at6231	Complete	C	1	2
2383at6231	Complete	B	1	2
2384at6231	Complete	C	1	2
2387at6231	Complete	B	1	2
2390at6231	Complete	A	1	2
2393at6231	Complete	D	1	2
2401at6231	Complete	B	1	2
2403at6231	Complete	N	1	2
2408at6231	Complete	B	1	2
2409at6231	Complete	A	1	2
2410at6231	Complete	A	1	2
2411at6231	Complete	D	1	2
2415at6231	Complete	A	1	2
2418at6231	Complete	A	1	2
2420at6231	Complete	B	1	2
2422at6231	Complete	A	1	2
2423at6231	Complete	C	1	2
2424at6231	Complete	C	1	2
2426at6231	Complete	C	1	2
2427at6231	Complete	N	1	2
2430at6231	Complete	E	1	2
2431at6231	Complete	E	1	2
2436at6231	Complete	C	1	2
2437at6231	Complete	B	1	2
2441at6231	Complete	B	1	2
2454at6231	Complete	D	1	2
2460at6231	Complete	E	1	2
2464at6231	Complete	E	1	2
2467at6231	Complete	N	1	2
2469at6231	Complete	B	1	2
2471at6231	Complete	A	1	2
2474at6231	Complete	X	1	2
2475at6231	Complete	E	1	2
2476at6231	Complete	E	1	2
2478at6231	Complete	C	1	2
2480at6231	Complete	N	1	2
2494at6231	Complete	A	1	2
2495at6231	Complete	C	1	2
2498at6231	Complete	A	1	2
2515at6231	Complete	C	1	2
2516at6231	Complete	C	1	2
2523at6231	Complete	A	1	2
2524at6231	Complete	A	1	2
2527at6231	Complete	D	1	2
2531at6231	Complete	C	1	2
2538at6231	Complete	A	1	2
2550at6231	Complete	E	1	2
2557at6231	Complete	B	1	2
2562at6231	Complete	E	1	2
2565at6231	Complete	E	1	2
2568at6231	Complete	X	1	2
2569at6231	Complete	N	1	2
2573at6231	Complete	C	1	2
2574at6231	Complete	X	1	2
2595at6231	Complete	C	1	2
2605at6231	Complete	X	1	2
2611at6231	Complete	C	1	2
2614at6231	Complete	B	1	2
2622at6231	Complete	D	1	2
2629at6231	Complete	A	1	2
2635at6231	Complete	E	1	2
2639at6231	Complete	C	1	2
2643at6231	Complete	B	1	2
2649at6231	Complete	B	1	2
2650at6231	Complete	N	1	2
2652at6231	Complete	A	1	2
2653at6231	Complete	N	1	2
2660at6231	Complete	N	1	2
2668at6231	Complete	C	1	2
2712at6231	Complete	B	1	2
2714at6231	Complete	E	1	2
2725at6231	Complete	C	1	2
2732at6231	Complete	C	1	2
2754at6231	Complete	A	1	2
2756at6231	Complete	A	1	2
2757at6231	Complete	A	1	2
2760at6231	Complete	A	1	2
2761at6231	Complete	B	1	2
2764at6231	Complete	B	1	2
2765at6231	Complete	N	1	2
2769at6231	Complete	E	1	2
2773at6231	Complete	E	1	2
2774at6231	Complete	N	1	2
2778at6231	Complete	A	1	2
2786at6231	Complete	E	1	2
2792at6231	Complete	C	1	2
2795at6231	Complete	A	1	2
2805at6231	Complete	D	1	2
2811at6231	Complete	D	1	2
2815at6231	Complete	A	1	2
2821at6231	Complete	X	1	2
2830at6231	Complete	C	1	2
2833at6231	Complete	E	1	2
2845at6231	Complete	C	1	2
2847at6231	Complete	E	1	2
2848at6231	Complete	E	1	2
2858at6231	Complete	B	1	2
2859at6231	Complete	E	1	2
2862at6231	Complete	B	1	2
2865at6231	Complete	C	1	2
2875at6231	Complete	E	1	2
2877at6231	Complete	B	1	2
2885at6231	Complete	D	1	2
2890at6231	Complete	D	1	2
2891at6231	Complete	A	1	2
2893at6231	Complete	A	1	2
2906at6231	Complete	N	1	2
2918at6231	Complete	X	1	2
2927at6231	Complete	C	1	2
2933at6231	Complete	D	1	2
2942at6231	Complete	E	1	2
2943at6231	Complete	D	1	2
2946at6231	Complete	A	1	2
2948at6231	Complete	A	1	2
2950at6231	Complete	E	1	2
2951at6231	Complete	A	1	2
2956at6231	Complete	N	1	2
2957at6231	Complete	E	1	2
2961at6231	Complete	E	1	2
2962at6231	Complete	N	1	2
2966at6231	Complete	A	1	2
2970at6231	Complete	D	1	2
2982at6231	Complete	E	1	2
2990at6231	Complete	N	1	2
2992at6231	Complete	E	1	2
2999at6231	Complete	A	1	2
3012at6231	Complete	A	1	2
3014at6231	Complete	D	1	2
3024at6231	Complete	N	1	2
3031at6231	Complete	C	1	2
3035at6231	Complete	C	1	2
3037at6231	Complete	X	1	2
3039at6231	Complete	A	1	2
3045at6231	Complete	N	1	2
3051at6231	Complete	C	1	2
3059at6231	Complete	B	1	2
3060at6231	Complete	E	1	2
3063at6231	Complete	C	1	2
3064at6231	Complete	C	1	2
3070at6231	Complete	A	1	2
3074at6231	Complete	E	1	2
3077at6231	Complete	A	1	2
3084at6231	Complete	C	1	2
3086at6231	Complete	A	1	2
3089at6231	Complete	E	1	2
3091at6231	Complete	X	1	2
3097at6231	Complete	N	1	2
3103at6231	Complete	X	1	2
3108at6231	Complete	B	1	2
3112at6231	Complete	C	1	2
3122at6231	Complete	X	1	2
3125at6231	Complete	A	1	2
3156at6231	Complete	B	1	2
3157at6231	Complete	A	1	2
3167at6231	Complete	B	1	2
3171at6231	Complete	D	1	2
3176at6231	Complete	D	1	2
3182at6231	Complete	B	1	2
3183at6231	Complete	E	1	2
3191at6231	Complete	X	1	2
3193at6231	Complete	C	1	2
3196at6231	Complete	A	1	2
3209at6231	Complete	D	1	2
3211at6231	Complete	B	1	2
3214at6231	Complete	B	1	2
3218at6231	Complete	D	1	2
3219at6231	Complete	A	1	2
3225at6231	Complete	E	1	2
3226at6231	Complete	B	1	2
3231at6231	Complete	C	1	2
3235at6231	Complete	A	1	2
3237at6231	Complete	D	1	2
3251at6231	Complete	B	1	2
3254at6231	Complete	C	1	2
3259at6231	Complete	A	1	2
3260at6231	Complete	A	1	2
3275at6231	Complete	C	1	2
3276at6231	Complete	X	1	2
3281at6231	Complete	E	1	2
3292at6231	Complete	B	1	2
3293at6231	Complete	A	1	2
3295at6231	Complete	A	1	2
3300at6231	Complete	D	1	2
3304at6231	Complete	A	1	2
3308at6231	Complete	B	1	2
3312at6231	Complete	B	1	2
3321at6231	Complete	C	1	2
3324at6231	Complete	E	1	2
3325at6231	Complete	B	1	2
3326at6231	Complete	A	1	2
3335at6231	Complete	A	1	2
3340at6231	Complete	B	1	2
3347at6231	Complete	N	1	2
3350at6231	Complete	C	1	2
3360at6231	Complete	D	1	2
3365at6231	Complete	B	1	2
3366at6231	Complete	C	1	2
3376at6231	Complete	A	1	2
3377at6231	Complete	C	1	2
3378at6231	Complete	A	1	2
3379at6231	Complete	A	1	2
3381at6231	Complete	A	1	2
3396at6231	Complete	C	1	2
3398at6231	Complete	E	1	2
3401at6231	Complete	B	1	2
3403at6231	Complete	N	1	2
3404at6231	Complete	X	1	2
3408at6231	Complete	N	1	2
3411at6231	Complete	A	1	2
3412at6231	Complete	B	1	2
3414at6231	Complete	C	1	2
3420at6231	Complete	A	1	2
3422at6231	Complete	C	1	2
3433at6231	Complete	A	1	2
3434at6231	Complete	N	1	2
3442at6231	Complete	X	1	2
3444at6231	Complete	C	1	2
3445at6231	Complete	D	1	2
3450at6231	Complete	A	1	2
3452at6231	Complete	C	1	2
3464at6231	Complete	X	1	2
3466at6231	Complete	C	1	2
3476at6231	Complete	A	1	2
3480at6231	Complete	C	1	2
3486at6231	Complete	E	1	2
3493at6231	Complete	E	1	2
3496at6231	Complete	B	1	2
3504at6231	Complete	N	1	2
3506at6231	Complete	C	1	2
3509at6231	Complete	C	1	2
3516at6231	Complete	A	1	2
3520at6231	Complete	C	1	2
3523at6231	Complete	N	1	2
3534at6231	Complete	C	1	2
3542at6231	Complete	C	1	2
3545at6231	Complete	E	1	2
3547at6231	Complete	B	1	2
3548at6231	Complete	A	1	2
3550at6231	Complete	X	1	2
3552at6231	Complete	C	1	2
3558at6231	Complete	A	1	2
3561at6231	Complete	E	1	2
3570at6231	Complete	D	1	2
3572at6231	Complete	C	1	2
3577at6231	Complete	A	1	2
3578at6231	Complete	A	1	2
3583at6231	Complete	X	1	2
3584at6231	Complete	B	1	2
3585at6231	Complete	A	1	2
3587at6231	Complete	D	1	2
3593at6231	Complete	D	1	2
3594at6231	Complete	B	1	2
3596at6231	Complete	A	1	2
3601at6231	Complete	C	1	2
3607at6231	Complete	E	1	2
3609at6231	Complete	A	1	2
3612at6231	Complete	A	1	2
3618at6231	Complete	C	1	2
3629at6231	Complete	X	1	2
3630at6231	Complete	E	1	2
3635at6231	Complete	B	1	2
3638at6231	Complete	D	1	2
3640at6231	Complete	E	1	2
3642at6231	Complete	B	1	2
3644at6231	Complete	A	1	2
3659at6231	Complete	N	1	2
3660at6231	Complete	A	1	2
3666at6231	Complete	E	1	2
3667at6231	Complete	C	1	2
3671at6231	Complete	A	1	2
3676at6231	Complete	A	1	2
3679at6231	Complete	X	1	2
3688at6231	Complete	D	1	2
3696at6231	Complete	D	1	2
3698at6231	Complete	N	1	2
3699at6231	Complete	A	1	2
3701at6231	Complete	C	1	2
3712at6231	Complete	A	1	2
3718at6231	Complete	B	1	2
3719at6231	Complete	D	1	2
3723at6231	Complete	D	1	2
3732at6231	Complete	N	1	2
3746at6231	Complete	X	1	2
3748at6231	Complete	B	1	2
3754at6231	Complete	X	1	2
3758at6231	Complete	C	1	2
3760at6231	Complete	C	1	2
3763at6231	Complete	C	1	2
3769at6231	Complete	C	1	2
3774at6231	Complete	C	1	2
3776at6231	Complete	C	1	2
3780at6231	Complete	C	1	2
3781at6231	Complete	C	1	2
3793at6231	Complete	A	1	2
3798at6231	Complete	E	1	2
3818at6231	Complete	N	1	2
3821at6231	Complete	B	1	2
3830at6231	Complete	E	1	2
3835at6231	Complete	D	1	2
3836at6231	Complete	C	1	2
3843at6231	Complete	B	1	2
3845at6231	Complete	X	1	2
3850at6231	Complete	X	1	2
3852at6231	Complete	A	1	2
3853at6231	Complete	B	1	2
3857at6231	Complete	B	1	2
3869at6231	Complete	A	1	2
3871at6231	Complete	E	1	2
3878at6231	Complete	N	1	2
3880at6231	Complete	A	1	2
3885at6231	Complete	C	1	2
3887at6231	Complete	E	1	2
3891at6231	Complete	D	1	2
3894at6231	Complete	A	1	2
3903at6231	Complete	A	1	2
3907at6231	Complete	A	1	2
3908at6231	Complete	E	1	2
3919at6231	Complete	C	1	2
3929at6231	Complete	C	1	2
3931at6231	Complete	C	1	2
3935at6231	Complete	E	1	2
3947at6231	Complete	X	1	2
3951at6231	Complete	B	1	2
3954at6231	Complete	D	1	2
3957at6231	Complete	C	1	2
3960at6231	Complete	C	1	2
3963at6231	Complete	B	1	2
3968at6231	Complete	C	1	2
3969at6231	Complete	E	1	2
3970at6231	Complete	A	1	2
3976at6231	Complete	A	1	2
3989at6231	Complete	X	1	2
3992at6231	Complete	C	1	2
3993at6231	Complete	N	1	2
3995at6231	Complete	A	1	2
4001at6231	Complete	B	1	2
4008at6231	Complete	B	1	2
4013at6231	Complete	D	1	2
4026at6231	Complete	B	1	2
4028at6231	Complete	B	1	2
4030at6231	Complete	D	1	2
4046at6231	Complete	C	1	2
4050at6231	Complete	C	1	2
4054at6231	Complete	E	1	2
4055at6231	Complete	X	1	2
4061at6231	Complete	C	1	2
4063at6231	Complete	A	1	2
4069at6231	Complete	E	1	2
4071at6231	Complete	C	1	2
4072at6231	Complete	B	1	2
4075at6231	Complete	D	1	2
4088at6231	Complete	C	1	2
4089at6231	Complete	D	1	2
4093at6231	Complete	N	1	2
4098at6231	Complete	A	1	2
4104at6231	Complete	C	1	2
4106at6231	Complete	A	1	2
4120at6231	Complete	C	1	2
4128at6231	Complete	E	1	2
4130at6231	Complete	C	1	2
4132at6231	Complete	A	1	2
4137at6231	Complete	B	1	2
4141at6231	Complete	B	1	2
4147at6231	Complete	B	1	2
4150at6231	Complete	D	1	2
4151at6231	Complete	A	1	2
4153at6231	Complete	C	1	2
4161at6231	Complete	D	1	2
4166at6231	Complete	A	1	2
4168at6231	Complete	A	1	2
4173at6231	Complete	A	1	2
4176at6231	Complete	D	1	2
4178at6231	Complete	E	1	2
4181at6231	Complete	C	1	2
4182at6231	Complete	A	1	2
4192at6231	Complete	B	1	2
4202at6231	Complete	A	1	2
4208at6231	Complete	A	1	2
4209at6231	Complete	E	1	2
4211at6231	Complete	C	1	2
4213at6231	Complete	A	1	2
4225at6231	Complete	B	1	2
4230at6231	Complete	C	1	2
4231at6231	Complete	B	1	2
4237at6231	Complete	B	1	2
4242at6231	Complete	D	1	2
4246at6231	Complete	A	1	2
4258at6231	Complete	A	1	2
4265at6231	Complete	X	1	2
4272at6231	Complete	D	1	2
4277at6231	Complete	N	1	2
4282at6231	Complete	X	1	2
4285at6231	Complete	C	1	2
4289at6231	Complete	D	1	2
4301at6231	Complete	A	1	2
4303at6231	Complete	D	1	2
4307at6231	Complete	N	1	2
4310at6231	Complete	A	1	2
4316at6231	Complete	C	1	2
4318at6231	Complete	C	1	2
4320at6231	Complete	D	1	2
4340at6231	Complete	N	1	2
4345at6231	Complete	B	1	2
4355at6231	Complete	X	1	2
4357at6231	Complete	E	1	2
4359at6231	Complete	A	1	2
4364at6231	Complete	C	1	2
4368at6231	Complete	D	1	2
4389at6231	Complete	D	1	2
4404at6231	Complete	C	1	2
4405at6231	Complete	B	1	2
4407at6231	Complete	B	1	2
4412at6231	Complete	B	1	2
4415at6231	Complete	C	1	2
4417at6231	Complete	D	1	2
4422at6231	Complete	C	1	2
4427at6231	Complete	X	1	2
4436at6231	Complete	C	1	2
4444at6231	Complete	D	1	2
4454at6231	Complete	B	1	2
4457at6231	Complete	N	1	2
4458at6231	Complete	C	1	2
4461at6231	Complete	A	1	2
4465at6231	Complete	E	1	2
4468at6231	Complete	A	1	2
4469at6231	Complete	C	1	2
4483at6231	Complete	E	1	2
4487at6231	Complete	B	1	2
4489at6231	Complete	A	1	2
4498at6231	Complete	X	1	2
4499at6231	Complete	A	1	2
4504at6231	Complete	E	1	2
4509at6231	Complete	B	1	2
4512at6231	Complete	A	1	2
4516at6231	Complete	B	1	2
4519at6231	Complete	A	1	2
4521at6231	Complete	B	1	2
4525at6231	Complete	C	1	2
4526at6231	Complete	N	1	2
4532at6231	Complete	B	1	2
4536at6231	Complete	C	1	2
4539at6231	Complete	C	1	2
4540at6231	Complete	B	1	2
4542at6231	Complete	N	1	2
4548at6231	Complete	E	1	2
4549at6231	Complete	E	1	2
4551at6231	Complete	D	1	2
4580at6231	Complete	C	1	2
4585at6231	Complete	E	1	2
4586at6231	Complete	A	1	2
4588at6231	Complete	E	1	2
4593at6231	Complete	B	1	2
4594at6231	Complete	B	1	2
4597at6231	Complete	X	1	2
4598at6231	Complete	A	1	2
4602at6231	Complete	A	1	2
4611at6231	Complete	A	1	2
4612at6231	Complete	B	1	2
4622at6231	Complete	C	1	2
4635at6231	Complete	C	1	2
4639at6231	Complete	D	1	2
4650at6231	Complete	B	1	2
4657at6231	Complete	A	1	2
4669at6231	Complete	X	1	2
4675at6231	Complete	C	1	2
4679at6231	Complete	C	1	2
4680at6231	Complete	B	1	2
4690at6231	Complete	C	1	2
4692at6231	Complete	A	1	2
4702at6231	Complete	A	1	2
4722at6231	Complete	B	1	2
4723at6231	Complete	B	1	2
4726at6231	Complete	C	1	2
4731at6231	Complete	C	1	2
4735at6231	Complete	A	1	2
4739at6231	Complete	C	1	2
4746at6231	Complete	E	1	2
4750at6231	Complete	A	1	2
4752at6231	Complete	B	1	2
4754at6231	Complete	E	1	2
4757at6231	Complete	C	1	2
4759at6231	Complete	C	1	2
4760at6231	Complete	C	1	2
4763at6231	Complete	A	1	2
4766at6231	Complete	A	1	2
4771at6231	Complete	B	1	2
4775at6231	Complete	N	1	2
4776at6231	Complete	D	1	2
4777at6231	Complete	A	1	2
4779at6231	Complete	E	1	2
4780at6231	Complete	A	1	2
4786at6231	Complete	B	1	2
4793at6231	Complete	E	1	2
4794at6231	Complete	E	1	2
4799at6231	Complete	B	1	2
4802at6231	Complete	A	1	2
4804at6231	Complete	A	1	2
4811at6231	Complete	A	1	2
4815at6231	Complete	E	1	2
4816at6231	Complete	B	1	2
4825at6231	Complete	C	1	2
4826at6231	Complete	A	1	2
4834at6231	Complete	E	1	2
4839at6231	Complete	B	1	2
4848at6231	Complete	C	1	2
4856at6231	Complete	A	1	2
4859at6231	Complete	C	1	2
4861at6231	Complete	B	1	2
4863at6231	Complete	A	1	2
4869at6231	Complete	A	1	2
4873at6231	Complete	B	1	2
4877at6231	Complete	A	1	2
4881at6231	Complete	C	1	2
4883at6231	Complete	N	1	2
4887at6231	Complete	A	1	2
4894at6231	Complete	E	1	2
4895at6231	Complete	B	1	2
4900at6231	Complete	B	1	2
4903at6231	Complete	B	1	2
4905at6231	Complete	E	1	2
4906at6231	Complete	E	1	2
4913at6231	Complete	B	1	2
4918at6231	Complete	B	1	2
4925at6231	Complete	C	1	2
4930at6231	Complete	A	1	2
4932at6231	Complete	D	1	2
4951at6231	Complete	E	1	2
4961at6231	Complete	B	1	2
4968at6231	Complete	E	1	2
4973at6231	Complete	E	1	2
4977at6231	Complete	N	1	2
4978at6231	Complete	C	1	2
4982at6231	Complete	B	1	2
4985at6231	Complete	C	1	2
4988at6231	Complete	D	1	2
4991at6231	Complete	X	1	2
4992at6231	Complete	B	1	2
5001at6231	Complete	B	1	2
5009at6231	Complete	D	1	2
5013at6231	Complete	A	1	2
5016at6231	Complete	E	1	2
5017at6231	Complete	D	1	2
5019at6231	Complete	E	1	2
5038at6231	Complete	C	1	2
5044at6231	Complete	C	1	2
5045at6231	Complete	E	1	2
5057at6231	Complete	N	1	2
5062at6231	Complete	C	1	2
5070at6231	Complete	A	1	2
5074at6231	Complete	C	1	2
5082at6231	Complete	A	1	2
5083at6231	Complete	C	1	2
5090at6231	Complete	A	1	2
5096at6231	Complete	B	1	2
5103at6231	Complete	D	1	2
5117at6231	Complete	C	1	2
5135at6231	Complete	C	1	2
5142at6231	Complete	A	1	2
5156at6231	Complete	C	1	2
5158at6231	Complete	N	1	2
5165at6231	Complete	N	1	2
5179at6231	Complete	B	1	2
5188at6231	Complete	E	1	2
5189at6231	Complete	C	1	2
5190at6231	Complete	D	1	2
5191at6231	Complete	C	1	2
5198at6231	Complete	C	1	2
5199at6231	Complete	A	1	2
5202at6231	Complete	A	1	2
5207at6231	Complete	B	1	2
5208at6231	Complete	N	1	2
5240at6231	Complete	A	1	2
5248at6231	Complete	C	1	2
5249at6231	Complete	B	1	2
5251at6231	Complete	C	1	2
5263at6231	Complete	D	1	2
5268at6231	Complete	A	1	2
5275at6231	Complete	A	1	2
5276at6231	Complete	A	1	2
5280at6231	Complete	A	1	2
5283at6231	Complete	B	1	2
5289at6231	Complete	N	1	2
5290at6231	Complete	B	1	2
5291at6231	Complete	C	1	2
5294at6231	Complete	B	1	2
5298at6231	Complete	E	1	2
5299at6231	Complete	A	1	2
5306at6231	Complete	D	1	2
5309at6231	Complete	C	1	2
5311at6231	Complete	A	1	2
5318at6231	Complete	D	1	2
5319at6231	Complete	E	1	2
5330at6231	Complete	A	1	2
5331at6231	Complete	C	1	2
5340at6231	Complete	C	1	2
5342at6231	Complete	D	1	2
5344at6231	Complete	E	1	2
5347at6231	Complete	B	1	2
5357at6231	Complete	B	1	2
5364at6231	Complete	A	1	2
5371at6231	Complete	N	1	2
5387at6231	Complete	C	1	2
5398at6231	Complete	E	1	2
5406at6231	Complete	B	1	2
5420at6231	Complete	C	1	2
5440at6231	Complete	B	1	2
5441at6231	Complete	N	1	2
5449at6231	Complete	E	1	2
5452at6231	Complete	B	1	2
5458at6231	Complete	C	1	2
5469at6231	Complete	N	1	2
5470at6231	Complete	A	1	2
5480at6231	Complete	N	1	2
5481at6231	Complete	A	1	2
5482at6231	Complete	B	1	2
5484at6231	Complete	A	1	2
5488at6231	Complete	N	1	2
5499at6231	Complete	D	1	2
5502at6231	Complete	N	1	2
5505at6231	Complete	A	1	2
5508at6231	Complete	E	1	2
5510at6231	Complete	E	1	2
5513at6231	Complete	N	1	2
5517at6231	Complete	C	1	2
5521at6231	Complete	A	1	2
5535at6231	Complete	C	1	2
5545at6231	Complete	B	1	2
5548at6231	Complete	N	1	2
5556at6231	Complete	B	1	2
5566at6231	Complete	A	1	2
5569at6231	Complete	B	1	2
5572at6231	Complete	D	1	2
5574at6231	Complete	B	1	2
5576at6231	Complete	E	1	2
5598at6231	Complete	C	1	2
5607at6231	Complete	C	1	2
5608at6231	Complete	A	1	2
5611at6231	Complete	A	1	2
5614at6231	Complete	D	1	2
5616at6231	Complete	E	1	2
5621at6231	Complete	A	1	2
5626at6231	Complete	C	1	2
5648at6231	Complete	C	1	2
5652at6231	Complete	A	1	2
5655at6231	Complete	A	1	2
5660at6231	Complete	E	1	2
5664at6231	Complete	E	1	2
5668at6231	Complete	C	1	2
5671at6231	Complete	C	1	2
5680at6231	Complete	E	1	2
5682at6231	Complete	B	1	2
5693at6231	Complete	D	1	2
5694at6231	Complete	E	1	2
5703at6231	Complete	A	1	2
5707at6231	Complete	C	1	2
5714at6231	Complete	A	1	2
5715at6231	Complete	A	1	2
5717at6231	Complete	E	1	2
5718at6231	Complete	C	1	2
5739at6231	Complete	B	1	2
5740at6231	Complete	A	1	2
5741at6231	Complete	C	1	2
5748at6231	Complete	N	1	2
5750at6231	Complete	B	1	2
5752at6231	Complete	N	1	2
5754at6231	Complete	N	1	2
5755at6231	Complete	N	1	2
5761at6231	Complete	A	1	2
5767at6231	Complete	A	1	2
5769at6231	Complete	C	1	2
5770at6231	Complete	A	1	2
5771at6231	Complete	E	1	2
5773at6231	Complete	A	1	2
5779at6231	Complete	B	1	2
5789at6231	Complete	A	1	2
5799at6231	Complete	E	1	2
5800at6231	Complete	A	1	2
5811at6231	Complete	A	1	2
5822at6231	Complete	B	1	2
5834at6231	Complete	C	1	2
5839at6231	Complete	B	1	2
5856at6231	Complete	D	1	2
5862at6231	Complete	B	1	2
5864at6231	Complete	A	1	2
5868at6231	Complete	A	1	2
5869at6231	Complete	D	1	2
5872at6231	Complete	N	1	2
5875at6231	Complete	E	1	2
5888at6231	Complete	C	1	2
5891at6231	Complete	C	1	2
5892at6231	Complete	B	1	2
5895at6231	Complete	A	1	2
5900at6231	Complete	A	1	2
5902at6231	Complete	X	1	2
5909at6231	Complete	N	1	2
5915at6231	Complete	C	1	2
5919at6231	Complete	B	1	2
5925at6231	Complete	A	1	2
5928at6231	Complete	B	1	2
5930at6231	Complete	B	1	2
5945at6231	Complete	C	1	2
5947at6231	Complete	B	1	2
5952at6231	Complete	A	1	2
5962at6231	Complete	C	1	2
5965at6231	Complete	B	1	2
5974at6231	Complete	N	1	2
5979at6231	Complete	B	1	2
5996at6231	Complete	E	1	2
5997at6231	Complete	N	1	2
6012at6231	Complete	E	1	2
6021at6231	Complete	B	1	2
6022at6231	Complete	C	1	2
6023at6231	Complete	A	1	2
6028at6231	Complete	C	1	2
6046at6231	Complete	D	1	2
6065at6231	Complete	A	1	2
6080at6231	Complete	C	1	2
6081at6231	Complete	E	1	2
6083at6231	Complete	B	1	2
6102at6231	Complete	X	1	2
6104at6231	Complete	X	1	2
6111at6231	Complete	A	1	2
6115at6231	Complete	B	1	2
6122at6231	Complete	C	1	2
6127at6231	Complete	N	1	2
6132at6231	Complete	D	1	2
6137at6231	Complete	B	1	2
6146at6231	Complete	B	1	2
6148at6231	Complete	D	1	2
6167at6231	Complete	A	1	2
6172at6231	Complete	C	1	2
6176at6231	Complete	D	1	2
6192at6231	Complete	D	1	2
6193at6231	Complete	A	1	2
6195at6231	Complete	D	1	2
6197at6231	Complete	X	1	2
6202at6231	Complete	B	1	2
6207at6231	Complete	A	1	2
6210at6231	Complete	A	1	2
6218at6231	Complete	N	1	2
6234at6231	Complete	E	1	2
6237at6231	Complete	N	1	2
6240at6231	Complete	A	1	2
6246at6231	Complete	A	1	2
6265at6231	Complete	E	1	2
6268at6231	Complete	D	1	2
6269at6231	Complete	C	1	2
6282at6231	Complete	C	1	2
6300at6231	Complete	N	1	2
6302at6231	Complete	E	1	2
6303at6231	Complete	E	1	2
6305at6231	Complete	B	1	2
6309at6231	Complete	C	1	2
6311at6231	Complete	B	1	2
6318at6231	Complete	C	1	2
6328at6231	Complete	B	1	2
6333at6231	Complete	N	1	2
6340at6231	Complete	C	1	2
6348at6231	Complete	N	1	2
6350at6231	Complete	A	1	2
6360at6231	Complete	A	1	2
6366at6231	Complete	C	1	2
6374at6231	Complete	D	1	2
6415at6231	Complete	C	1	2
6423at6231	Complete	E	1	2
6427at6231	Complete	B	1	2
6434at6231	Complete	D	1	2
6438at6231	Complete	N	1	2
6440at6231	Complete	A	1	2
6448at6231	Complete	B	1	2
6451at6231	Complete	B	1	2
6462at6231	Complete	C	1	2
6479at6231	Complete	N	1	2
6487at6231	Complete	B	1	2
6496at6231	Complete	A	1	2
6503at6231	Complete	N	1	2
6514at6231	Complete	E	1	2
6538at6231	Complete	C	1	2
6553at6231	Complete	C	1	2
6557at6231	Complete	B	1	2
6566at6231	Complete	C	1	2
6570at6231	Complete	N	1	2
6571at6231	Complete	C	1	2
6590at6231	Complete	A	1	2
6597at6231	Complete	A	1	2
6599at6231	Complete	C	1	2
6600at6231	Complete	C	1	2
6610at6231	Complete	C	1	2
6614at6231	Complete	B	1	2
6628at6231	Complete	C	1	2
6634at6231	Complete	N	1	2
6635at6231	Complete	D	1	2
6636at6231	Complete	B	1	2
6642at6231	Complete	A	1	2
6649at6231	Complete	B	1	2
6652at6231	Complete	B	1	2
6663at6231	Complete	A	1	2
6666at6231	Complete	A	1	2
6671at6231	Complete	D	1	2
6673at6231	Complete	A	1	2
6678at6231	Complete	A	1	2
6679at6231	Complete	C	1	2
6686at6231	Complete	A	1	2
6693at6231	Complete	E	1	2
6703at6231	Complete	A	1	2
6704at6231	Complete	D	1	2
6706at6231	Complete	A	1	2
6707at6231	Complete	C	1	2
6709at6231	Complete	B	1	2
6716at6231	Complete	E	1	2
6725at6231	Complete	E	1	2
6740at6231	Complete	D	1	2
6745at6231	Complete	E	1	2
6752at6231	Complete	B	1	2
6756at6231	Complete	D	1	2
6757at6231	Complete	E	1	2
6764at6231	Complete	C	1	2
6772at6231	Complete	C	1	2
6777at6231	Complete	X	1	2
6794at6231	Complete	C	1	2
6812at6231	Complete	E	1	2
6816at6231	Complete	N	1	2
6826at6231	Complete	B	1	2
6827at6231	Complete	A	1	2
6830at6231	Complete	C	1	2
6833at6231	Complete	E	1	2
6838at6231	Complete	E	1	2
6846at6231	Complete	E	1	2
6848at6231	Complete	C	1	2
6851at6231	Complete	B	1	2
6857at6231	Complete	D	1	2
6862at6231	Complete	C	1	2
6875at6231	Complete	A	1	2
6876at6231	Complete	D	1	2
6877at6231	Complete	C	1	2
6879at6231	Complete	N	1	2
6880at6231	Complete	A	1	2
6886at6231	Complete	E	1	2
6896at6231	Complete	C	1	2
6898at6231	Complete	B	1	2
6907at6231	Complete	E	1	2
6910at6231	Complete	B	1	2
6914at6231	Complete	D	1	2
6919at6231	Complete	B	1	2
6921at6231	Complete	N	1	2
6924at6231	Complete	N	1	2
6937at6231	Complete	A	1	2
6941at6231	Complete	C	1	2
6943at6231	Complete	D	1	2
6945at6231	Complete	N	1	2
6946at6231	Complete	A	1	2
6947at6231	Complete	A	1	2
6949at6231	Complete	C	1	2
6960at6231	Complete	D	1	2
6967at6231	Complete	C	1	2
6977at6231	Complete	A	1	2
6979at6231	Complete	N	1	2
6984at6231	Complete	C	1	2
6986at6231	Complete	C	1	2
6989at6231	Complete	C	1	2
6991at6231	Complete	A	1	2
6997at6231	Complete	E	1	2
6998at6231	Complete	B	1	2
7002at6231	Complete	A	1	2
7005at6231	Complete	A	1	2
7007at6231	Complete	A	1	2
7008at6231	Complete	C	1	2
7010at6231	Complete	B	1	2
7012at6231	Complete	B	1	2
7020at6231	Complete	B	1	2
7029at6231	Complete	D	1	2
7045at6231	Complete	C	1	2
7061at6231	Complete	B	1	2
7063at6231	Complete	C	1	2
7071at6231	Complete	B	1	2
7076at6231	Complete	E	1	2
7086at6231	Complete	D	1	2
7088at6231	Complete	B	1	2
7089at6231	Complete	A	1	2
7106at6231	Complete	C	1	2
7109at6231	Complete	B	1	2
7110at6231	Complete	N	1	2
7114at6231	Complete	C	1	2
7116at6231	Complete	E	1	2
7119at6231	Complete	A	1	2
7123at6231	Complete	A	1	2
7125at6231	Complete	D	1	2
7130at6231	Complete	D	1	2
7146at6231	Complete	A	1	2
7151at6231	Complete	C	1	2
7157at6231	Complete	A	1	2
7161at6231	Complete	E	1	2
7169at6231	Complete	C	1	2
7170at6231	Complete	E	1	2
7172at6231	Complete	A	1	2
7175at6231	Complete	C	1	2
7183at6231	Complete	B	1	2
7187at6231	Complete	X	1	2
7196at6231	Complete	E	1	2
7197at6231	Complete	A	1	2
7201at6231	Complete	N	1	2
7202at6231	Complete	D	1	2
7210at6231	Complete	B	1	2
7216at6231	Complete	C	1	2
7220at6231	Complete	D	1	2
7225at6231	Complete	C	1	2
7232at6231	Complete	A	1	2
7234at6231	Complete	C	1	2
7250at6231	Complete	N	1	2
7258at6231	Complete	A	1	2
7260at6231	Complete	A	1	2
7264at6231	Complete	D	1	2
7265at6231	Complete	C	1	2
7266at6231	Complete	C	1	2
7275at6231	Complete	B	1	2
7278at6231	Complete	A	1	2
7279at6231	Complete	N	1	2
7280at6231	Complete	A	1	2
7285at6231	Complete	B	1	2
7286at6231	Complete	C	1	2
7287at6231	Complete	B	1	2
7288at6231	Complete	A	1	2
7289at6231	Complete	B	1	2
7292at6231	Complete	A	1	2
7293at6231	Complete	C	1	2
7299at6231	Complete	A	1	2
7301at6231	Complete	E	1	2
7302at6231	Complete	X	1	2
7305at6231	Complete	A	1	2
7311at6231	Complete	B	1	2
7319at6231	Complete	A	1	2
7322at6231	Complete	C	1	2
7325at6231	Complete	X	1	2
7327at6231	Complete	N	1	2
7330at6231	Complete	C	1	2
7340at6231	Complete	E	1	2
7345at6231	Complete	A	1	2
7351at6231	Complete	A	1	2
7363at6231	Complete	C	1	2
7367at6231	Complete	A	1	2
7384at6231	Complete	B	1	2
7402at6231	Complete	E	1	2
7416at6231	Complete	A	1	2
7422at6231	Complete	C	1	2
7423at6231	Complete	X	1	2
7430at6231	Complete	A	1	2
7469at6231	Complete	B	1	2
7474at6231	Complete	E	1	2
7480at6231	Complete	B	1	2
7481at6231	Complete	N	1	2
7486at6231	Complete	A	1	2
7490at6231	Complete	C	1	2
7500at6231	Complete	D	1	2
7511at6231	Complete	E	1	2
7519at6231	Complete	E	1	2
7520at6231	Complete	D	1	2
7521at6231	Complete	C	1	2
7524at6231	Complete	B	1	2
7525at6231	Complete	A	1	2
7526at6231	Complete	D	1	2
7540at6231	Complete	E	1	2
7546at6231	Complete	A	1	2
7560at6231	Complete	D	1	2
7561at6231	Complete	E	1	2
7565at6231	Complete	C	1	2
7566at6231	Complete	N	1	2
7571at6231	Complete	C	1	2
7573at6231	Complete	A	1	2
7579at6231	Complete	A	1	2
7586at6231	Complete	N	1	2
7612at6231	Complete	A	1	2
7615at6231	Complete	C	1	2
7626at6231	Complete	A	1	2
7627at6231	Complete	A	1	2
7628at6231	Complete	B	1	2
7633at6231	Complete	N	1	2
7637at6231	Complete	B	1	2
7662at6231	Complete	D	1	2
7663at6231	Complete	A	1	2
7664at6231	Complete	D	1	2
7665at6231	Complete	D	1	2
7669at6231	Complete	C	1	2
7670at6231	Complete	N	1	2
7672at6231	Complete	D	1	2
7675at6231	Complete	B	1	2
7678at6231	Complete	C	1	2
7689at6231	Complete	N	1	2
7696at6231	Complete	D	1	2
7697at6231	Complete	C	1	2
7707at6231	Complete	A	1	2
7713at6231	Complete	E	1	2
7716at6231	Complete	C	1	2
7720at6231	Complete	C	1	2
7729at6231	Complete	D	1	2
7738at6231	Complete	A	1	2
7743at6231	Complete	C	1	2
7746at6231	Complete	E	1	2
7752at6231	Complete	E	1	2
7761at6231	Complete	C	1	2
7764at6231	Complete	C	1	2
7772at6231	Complete	A	1	2
7788at6231	Complete	A	1	2
7800at6231	Complete	B	1	2
7806at6231	Complete	B	1	2
7810at6231	Complete	E	1	2
7811at6231	Complete	N	1	2
7814at6231	Complete	A	1	2
7824at6231	Complete	B	1	2
7825at6231	Complete	B	1	2
7830at6231	Complete	N	1	2
7839at6231	Complete	B	1	2
7847at6231	Complete	X	1	2
7849at6231	Complete	A	1	2
7851at6231	Complete	A	1	2
7866at6231	Complete	A	1	2
7885at6231	Complete	C	1	2
7889at6231	Complete	C	1	2
7891at6231	Complete	N	1	2
7895at6231	Complete	D	1	2
7913at6231	Complete	C	1	2
7921at6231	Complete	C	1	2
7927at6231	Complete	C	1	2
7943at6231	Complete	A	1	2
7955at6231	Complete	B	1	2
7956at6231	Complete	N	1	2
7961at6231	Complete	B	1	2
7970at6231	Complete	X	1	2
7975at6231	Complete	D	1	2
7984at6231	Complete	B	1	2
7987at6231	Complete	B	1	2
7991at6231	Complete	C	1	2
7992at6231	Complete	D	1	2
7993at6231	Complete	B	1	2
8005at6231	Complete	A	1	2
8006at6231	Complete	E	1	2
8007at6231	Complete	N	1	2
8009at6231	Complete	C	1	2
8019at6231	Complete	C	1	2
8025at6231	Complete	B	1	2
8033at6231	Complete	E	1	2
8036at6231	Complete	A	1	2
8040at6231	Complete	A	1	2
8044at6231	Complete	X	1	2
8052at6231	Complete	C	1	2
8061at6231	Complete	A	1	2
8068at6231	Complete	B	1	2
8072at6231	Complete	B	1	2
8073at6231	Complete	D	1	2
8086at6231	Complete	X	1	2
8090at6231	Complete	N	1	2
8093at6231	Complete	B	1	2
8094at6231	Complete	A	1	2
8110at6231	Complete	E	1	2
8116at6231	Complete	B	1	2
8117at6231	Complete	E	1	2
8124at6231	Complete	B	1	2
8130at6231	Complete	C	1	2
8131at6231	Complete	C	1	2
8134at6231	Complete	C	1	2
8146at6231	Complete	E	1	2
8153at6231	Complete	C	1	2
8183at6231	Complete	E	1	2
8184at6231	Complete	C	1	2
8187at6231	Complete	D	1	2
8190at6231	Complete	B	1	2
8194at6231	Complete	A	1	2
8195at6231	Complete	A	1	2
8207at6231	Complete	X	1	2
8215at6231	Complete	E	1	2
8219at6231	Complete	N	1	2
8228at6231	Complete	C	1	2
8231at6231	Complete	A	1	2
8238at6231	Complete	N	1	2
8242at6231	Complete	C	1	2
8246at6231	Complete	C	1	2
8249at6231	Complete	C	1	2
8250at6231	Complete	D	1	2
8258at6231	Complete	E	1	2
8273at6231	Complete	C	1	2
8275at6231	Complete	D	1	2
8282at6231	Complete	N	1	2
8283at6231	Complete	A	1	2
8295at6231	Complete	B	1	2
8300at6231	Complete	D	1	2
8304at6231	Complete	N	1	2
8309at6231	Complete	N	1	2
8314at6231	Complete	C	1	2
8316at6231	Complete	D	1	2
8328at6231	Complete	A	1	2
8337at6231	Complete	C	1	2
8340at6231	Complete	D	1	2
8342at6231	Complete	A	1	2
8344at6231	Complete	D	1	2
8348at6231	Complete	B	1	2
8361at6231	Complete	D	1	2
8379at6231	Complete	C	1	2
8392at6231	Complete	A	1	2
8417at6231	Complete	A	1	2
8446at6231	Complete	A	1	2
8447at6231	Complete	C	1	2
8448at6231	Complete	A	1	2
8452at6231	Complete	D	1	2
8453at6231	Complete	D	1	2
8456at6231	Complete	X	1	2
8457at6231	Complete	C	1	2
8469at6231	Complete	X	1	2
8471at6231	Complete	C	1	2
8473at6231	Complete	B	1	2
8476at6231	Complete	C	1	2
8486at6231	Complete	B	1	2
8492at6231	Complete	B	1	2
8494at6231	Complete	X	1	2
8502at6231	Complete	B	1	2
8505at6231	Complete	A	1	2
8508at6231	Complete	X	1	2
8511at6231	Complete	D	1	2
8518at6231	Complete	E	1	2
8519at6231	Complete	C	1	2
8522at6231	Complete	C	1	2
8556at6231	Complete	B	1	2
8560at6231	Complete	A	1	2
8561at6231	Complete	E	1	2
8565at6231	Complete	N	1	2
8569at6231	Complete	N	1	2
8577at6231	Complete	N	1	2
8579at6231	Complete	C	1	2
8588at6231	Complete	D	1	2
8595at6231	Complete	C	1	2
8602at6231	Complete	E	1	2
8603at6231	Complete	A	1	2
8615at6231	Complete	N	1	2
8618at6231	Complete	B	1	2
8619at6231	Complete	D	1	2
8622at6231	Complete	C	1	2
8625at6231	Complete	A	1	2
8643at6231	Complete	E	1	2
8647at6231	Complete	N	1	2
8664at6231	Complete	X	1	2
8669at6231	Complete	C	1	2
8679at6231	Complete	E	1	2
8687at6231	Complete	B	1	2
8691at6231	Complete	A	1	2
8700at6231	Complete	A	1	2
8712at6231	Complete	A	1	2
8714at6231	Complete	C	1	2
8732at6231	Complete	N	1	2
8737at6231	Complete	E	1	2
8746at6231	Complete	E	1	2
8749at6231	Complete	A	1	2
8750at6231	Complete	D	1	2
8767at6231	Complete	D	1	2
8776at6231	Complete	A	1	2
8780at6231	Complete	A	1	2
8781at6231	Complete	B	1	2
8794at6231	Complete	A	1	2
8796at6231	Complete	D	1	2
8799at6231	Complete	D	1	2
8817at6231	Complete	C	1	2
8827at6231	Complete	D	1	2
8834at6231	Complete	A	1	2
8837at6231	Complete	A	1	2
8842at6231	Complete	N	1	2
8855at6231	Complete	B	1	2
8856at6231	Complete	E	1	2
8862at6231	Complete	A	1	2
8866at6231	Complete	N	1	2
8869at6231	Complete	B	1	2
8878at6231	Complete	C	1	2
8888at6231	Complete	E	1	2
8889at6231	Complete	B	1	2
8902at6231	Complete	N	1	2
8911at6231	Complete	D	1	2
8914at6231	Complete	A	1	2
8918at6231	Complete	D	1	2
8926at6231	Complete	B	1	2
8934at6231	Complete	C	1	2
8949at6231	Complete	A	1	2
8958at6231	Complete	B	1	2
8969at6231	Complete	B	1	2
8983at6231	Complete	B	1	2
9000at6231	Complete	B	1	2
9014at6231	Complete	A	1	2
9039at6231	Complete	N	1	2
9048at6231	Complete	B	1	2
9049at6231	Complete	C	1	2
9051at6231	Complete	D	1	2
9055at6231	Complete	X	1	2
9059at6231	Complete	N	1	2
9066at6231	Complete	C	1	2
9072at6231	Complete	D	1	2
9081at6231	Complete	A	1	2
9082at6231	Complete	B	1	2
9092at6231	Complete	A	1	2
9097at6231	Complete	B	1	2
9098at6231	Complete	C	1	2
9099at6231	Complete	E	1	2
9120at6231	Complete	A	1	2
9138at6231	Complete	E	1	2
9150at6231	Complete	C	1	2
9163at6231	Complete	B	1	2
9164at6231	Complete	C	1	2
9166at6231	Complete	C	1	2
9192at6231	Complete	N	1	2
9213at6231	Complete	C	1	2
9221at6231	Complete	D	1	2
9229at6231	Complete	A	1	2
9236at6231	Complete	C	1	2
9243at6231	Complete	C	1	2
9244at6231	Complete	C	1	2
9253at6231	Complete	C	1	2
9260at6231	Complete	A	1	2
9262at6231	Complete	A	1	2
9264at6231	Complete	B	1	2
9270at6231	Complete	D	1	2
9275at6231	Complete	D	1	2
9277at6231	Complete	X	1	2
9287at6231	Complete	C	1	2
9289at6231	Complete	E	1	2
9299at6231	Complete	E	1	2
9313at6231	Complete	E	1	2
9332at6231	Complete	C	1	2
9333at6231	Complete	A	1	2
9343at6231	Complete	A	1	2
9344at6231	Complete	B	1	2
9367at6231	Complete	A	1	2
9386at6231	Complete	A	1	2
9387at6231	Complete	B	1	2
9390at6231	Complete	N	1	2
9393at6231	Complete	N	1	2
9403at6231	Complete	C	1	2
9411at6231	Complete	B	1	2
9441at6231	Complete	C	1	2
9443at6231	Complete	C	1	2
9447at6231	Complete	A	1	2
9448at6231	Complete	N	1	2
9451at6231	Complete	C	1	2
9458at6231	Complete	C	1	2
9466at6231	Complete	D	1	2
9467at6231	Complete	N	1	2
9478at6231	Complete	E	1	2
9489at6231	Complete	D	1	2
9499at6231	Complete	E	1	2
9500at6231	Complete	E	1	2
9504at6231	Complete	C	1	2
9512at6231	Complete	C	1	2
9515at6231	Complete	C	1	2
9516at6231	Complete	B	1	2
9526at6231	Complete	A	1	2
9543at6231	Complete	C	1	2
9547at6231	Complete	E	1	2
9548at6231	Complete	C	1	2
9555at6231	Complete	D	1	2
9557at6231	Complete	N	1	2
9559at6231	Complete	A	1	2
9563at6231	Complete	C	1	2
9564at6231	Complete	A	1	2
9574at6231	Complete	C	1	2
9579at6231	Complete	B	1	2
9588at6231	Complete	N	1	2
9611at6231	Complete	C	1	2
9615at6231	Complete	A	1	2
9618at6231	Complete	C	1	2
9630at6231	Complete	A	1	2
9632at6231	Complete	B	1	2
9639at6231	Complete	A	1	2
9640at6231	Complete	N	1	2
9649at6231	Complete	C	1	2
9662at6231	Complete	E	1	2
9669at6231	Complete	D	1	2
9671at6231	Complete	E	1	2
9672at6231	Complete	D	1	2
9676at6231	Complete	A	1	2
9681at6231	Complete	A	1	2
9682at6231	Complete	C	1	2
9719at6231	Complete	A	1	2
9739at6231	Complete	N	1	2
9748at6231	Complete	C	1	2
9774at6231	Complete	E	1	2
9792at6231	Complete	C	1	2
9802at6231	Complete	D	1	2
9816at6231	Complete	E	1	2
9840at6231	Complete	X	1	2
9847at6231	Complete	C	1	2
9898at6231	Complete	C	1	2
9899at6231	Complete	B	1	2
9903at6231	Complete	D	1	2
9923at6231	Complete	D	1	2
9936at6231	Complete	D	1	2
9937at6231	Complete	D	1	2
9946at6231	Complete	B	1	2
9951at6231	Complete	A	1	2
9954at6231	Complete	D	1	2
9959at6231	Complete	E	1	2
9968at6231	Complete	C	1	2
9986at6231	Complete	C	1	2
9987at6231	Complete	B	1	2
9999at6231	Complete	C	1	2
10010at6231	Complete	B	1	2
10018at6231	Complete	A	1	2
10032at6231	Complete	N	1	2
10063at6231	Complete	C	1	2
10081at6231	Complete	A	1	2
10084at6231	Complete	B	1	2
10099at6231	Complete	B	1	2
10100at6231	Complete	N	1	2
10117at6231	Complete	B	1	2
10127at6231	Complete	A	1	2
10128at6231	Complete	D	1	2
10150at6231	Complete	B	1	2
10152at6231	Complete	A	1	2
10161at6231	Complete	C	1	2
10165at6231	Complete	E	1	2
10177at6231	Complete	N	1	2
10190at6231	Complete	B	1	2
10222at6231	Complete	A	1	2
10271at6231	Complete	A	1	2
10278at6231	Complete	C	1	2
10289at6231	Complete	A	1	2
10313at6231	Complete	N	1	2
10321at6231	Complete	C	1	2
10340at6231	Complete	N	1	2
10341at6231	Complete	A	1	2
10344at6231	Complete	C	1	2
10353at6231	Complete	A	1	2
10354at6231	Complete	A	1	2
10356at6231	Complete	D	1	2
10388at6231	Complete	C	1	2
10416at6231	Complete	N	1	2
10441at6231	Complete	A	1	2
10449at6231	Complete	B	1	2
10461at6231	Complete	B	1	2
10463at6231	Complete	A	1	2
10464at6231	Complete	C	1	2
10473at6231	Complete	N	1	2
10521at6231	Complete	X	1	2
10522at6231	Complete	C	1	2
10532at6231	Complete	A	1	2
10545at6231	Complete	C	1	2
10550at6231	Complete	C	1	2
10562at6231	Complete	C	1	2
10584at6231	Complete	C	1	2
10627at6231	Complete	D	1	2
10631at6231	Complete	A	1	2
10640at6231	Complete	A	1	2
10678at6231	Complete	B	1	2
10679at6231	Complete	A	1	2
10698at6231	Complete	C	1	2
10702at6231	Complete	A	1	2
10705at6231	Complete	C	1	2
10709at6231	Complete	E	1	2
10710at6231	Complete	D	1	2
10717at6231	Complete	B	1	2
10750at6231	Complete	B	1	2
10769at6231	Complete	D	1	2
10777at6231	Complete	E	1	2
10791at6231	Complete	A	1	2
10803at6231	Complete	C	1	2
10848at6231	Complete	A	1	2
10864at6231	Complete	N	1	2
10897at6231	Complete	B	1	2
10928at6231	Complete	A	1	2
10935at6231	Complete	C	1	2
10958at6231	Complete	C	1	2
11021at6231	Complete	E	1	2
11034at6231	Complete	E	1	2
11036at6231	Complete	C	1	2
11066at6231	Complete	A	1	2
11082at6231	Complete	C	1	2
11111at6231	Complete	C	1	2
11124at6231	Complete	D	1	2
11158at6231	Complete	C	1	2
11173at6231	Complete	A	1	2
11178at6231	Complete	A	1	2
11179at6231	Complete	C	1	2
11187at6231	Complete	E	1	2
11189at6231	Complete	E	1	2
11192at6231	Complete	C	1	2
11201at6231	Complete	B	1	2
11227at6231	Complete	A	1	2
11244at6231	Complete	C	1	2
11267at6231	Complete	E	1	2
11289at6231	Complete	X	1	2
11295at6231	Complete	A	1	2
11301at6231	Complete	N	1	2
11307at6231	Complete	E	1	2
11363at6231	Complete	A	1	2
11367at6231	Complete	N	1	2
11382at6231	Complete	N	1	2
11385at6231	Complete	A	1	2
11412at6231	Complete	B	1	2
11440at6231	Complete	C	1	2
11490at6231	Complete	A	1	2
9at6231	Complete	C	1	2
31at6231	Complete	E	1	2
32at6231	Complete	N	1	2
39at6231	Complete	N	1	2
86at6231	Complete	X	1	2
88at6231	Complete	E	1	2
117at6231	Complete	A	1	2
131at6231	Complete	B	1	2
152at6231	Complete	B	1	2
199at6231	Complete	C	1	2
201at6231	Complete	B	1	2
210at6231	Complete	C	1	2
294at6231	Complete	A	1	2
301at6231	Complete	D	1	2
359at6231	Complete	A	1	2
390at6231	Complete	B	1	2
401at6231	Complete	E	1	2
461at6231	Complete	C	1	2
462at6231	Complete	A	1	2
518at6231	Complete	C	1	2
609at6231	Complete	B	1	2
631at6231	Complete	A	1	2
635at6231	Complete	D	1	2
641at6231	Complete	D	1	2
751at6231	Complete	B	1	2
754at6231	Complete	B	1	2
816at6231	Complete	N	1	2
826at6231	Complete	C	1	2
851at6231	Complete	D	1	2
890at6231	Complete	E	1	2
912at6231	Complete	E	1	2
951at6231	Complete	C	1	2
962at6231	Complete	A	1	2
975at6231	Complete	B	1	2
1086at6231	Complete	D	1	2
1105at6231	Complete	C	1	2
1115at6231	Complete	C	1	2
1123at6231	Complete	N	1	2
1125at6231	Complete	E	1	2
1128at6231	Complete	E	1	2
1160at6231	Complete	A	1	2
1169at6231	Complete	C	1	2
1187at6231	Complete	E	1	2
1247at6231	Complete	B	1	2
1285at6231	Complete	X	1	2
1332at6231	Complete	E	1	2
1374at6231	Complete	B	1	2
1430at6231	Complete	X	1	2
1438at6231	Complete	A	1	2
1453at6231	Complete	A	1	2
1463at6231	Complete	E	1	2
1501at6231	Complete	N	1	2
1571at6231	Complete	B	1	2
1653at6231	Complete	A	1	2
1682at6231	Complete	A	1	2
1713at6231	Complete	C	1	2
1754at6231	Complete	A	1	2
1760at6231	Complete	E	1	2
1899at6231	Complete	A	1	2
2032at6231	Complete	A	1	2
2035at6231	Complete	A	1	2
2052at6231	Complete	C	1	2
2064at6231	Complete	A	1	2
2119at6231	Complete	X	1	2
2163at6231	Complete	A	1	2
2178at6231	Complete	C	1	2
2228at6231	Complete	A	1	2
2279at6231	Complete	C	1	2
2281at6231	Complete	B	1	2
2286at6231	Complete	C	1	2
2287at6231	Complete	C	1	2
2301at6231	Complete	B	1	2
2313at6231	Complete	D	1	2
2342at6231	Complete	A	1	2
2358at6231	Complete	N	1	2
2367at6231	Complete	C	1	2
2487at6231	Complete	B	1	2
2544at6231	Complete	E	1	2
2581at6231	Complete	E	1	2
2601at6231	Complete	D	1	2
2618at6231	Complete	A	1	2
2678at6231	Complete	C	1	2
2687at6231	Complete	N	1	2
2707at6231	Complete	D	1	2
2817at6231	Complete	C	1	2
2844at6231	Complete	X	1	2
2900at6231	Complete	D	1	2
2972at6231	Complete	E	1	2
3129at6231	Complete	B	1	2
3158at6231	Complete	E	1	2
3317at6231	Complete	B	1	2
3331at6231	Complete	A	1	2
3349at6231	Complete	E	1	2
3400at6231	Complete	C	1	2
3490at6231	Complete	X	1	2
3500at6231	Complete	D	1	2
3524at6231	Complete	E	1	2
3553at6231	Complete	A	1	2
3637at6231	Complete	A	1	2
3654at6231	Complete	C	1	2
3678at6231	Complete	A	1	2
3816at6231	Complete	A	1	2
3828at6231	Complete	D	1	2
3842at6231	Complete	C	1	2
3863at6231	Complete	A	1	2
3879at6231	Complete	A	1	2
3927at6231	Complete	N	1	2
3930at6231	Complete	B	1	2
3952at6231	Complete	B	1	2
4226at6231	Complete	A	1	2
4238at6231	Complete	N	1	2
4296at6231	Complete	B	1	2
4322at6231	Complete	B	1	2
4337at6231	Complete	B	1	2
4338at6231	Complete	N	1	2
4424at6231	Complete	A	1	2
4572at6231	Complete	D	1	2
4621at6231	Complete	B	1	2
4673at6231	Complete	D	1	2
4703at6231	Complete	C	1	2
4919at6231	Complete	E	1	2
4940at6231	Complete	C	1	2
4993at6231	Complete	A	1	2
5131at6231	Complete	C	1	2
5132at6231	Complete	X	1	2
5147at6231	Complete	B	1	2
5285at6231	Complete	B	1	2
5351at6231	Complete	B	1	2
5363at6231	Complete	X	1	2
5465at6231	Complete	D	1	2
5466at6231	Complete	A	1	2
5490at6231	Complete	C	1	2
5541at6231	Complete	C	1	2
5542at6231	Complete	A	1	2
5585at6231	Complete	A	1	2
5785at6231	Complete	A	1	2
5806at6231	Complete	B	1	2
5807at6231	Complete	D	1	2
5858at6231	Complete	N	1	2
5885at6231	Complete	B	1	2
5916at6231	Complete	C	1	2
5957at6231	Complete	A	1	2
5988at6231	Complete	X	1	2
6031at6231	Complete	C	1	2
6041at6231	Complete	A	1	2
6138at6231	Complete	A	1	2
6186at6231	Complete	C	1	2
6214at6231	Complete	A	1	2
6250at6231	Complete	B	1	2
6254at6231	Complete	B	1	2
6310at6231	Complete	C	1	2
6379at6231	Complete	B	1	2
6402at6231	Complete	C	1	2
6569at6231	Complete	C	1	2
6594at6231	Complete	N	1	2
6630at6231	Complete	E	1	2
6778at6231	Complete	B	1	2
6860at6231	Complete	C	1	2
6917at6231	Complete	B	1	2
6935at6231	Complete	B	1	2
7003at6231	Complete	N	1	2
7009at6231	Complete	A	1	2
7026at6231	Complete	B	1	2
7068at6231	Complete	A	1	2
7082at6231	Complete	C	1	2
7094at6231	Complete	N	1	2
7182at6231	Complete	E	1	2
7281at6231	Complete	A	1	2
7347at6231	Complete	N	1	2
7352at6231	Complete	A	1	2
7473at6231	Complete	B	1	2
7476at6231	Complete	A	1	2
7528at6231	Complete	A	1	2
7698at6231	Complete	D	1	2
7702at6231	Complete	B	1	2
7703at6231	Complete	C	1	2
7884at6231	Complete	A	1	2
7899at6231	Complete	E	1	2
7900at6231	Complete	C	1	2
7954at6231	Complete	C	1	2
8021at6231	Complete	C	1	2
8055at6231	Complete	A	1	2
8063at6231	Complete	C	1	2
8081at6231	Complete	B	1	2
8088at6231	Complete	A	1	2
8225at6231	Complete	A	1	2
8229at6231	Complete	C	1	2
8280at6231	Complete	A	1	2
8312at6231	Complete	B	1	2
8326at6231	Complete	E	1	2
8386at6231	Complete	C	1	2
8395at6231	Complete	C	1	2
8450at6231	Complete	D	1	2
8482at6231	Complete	A	1	2
8506at6231	Complete	A	1	2
8517at6231	Complete	C	1	2
8552at6231	Complete	E	1	2
8639at6231	Complete	B	1	2
8807at6231	Complete	N	1	2
8879at6231	Complete	E	1	2
9042at6231	Complete	D	1	2
9077at6231	Complete	C	1	2
9079at6231	Complete	E	1	2
9125at6231	Complete	D	1	2
9183at6231	Complete	E	1	2
9186at6231	Complete	N	1	2
9300at6231	Complete	E	1	2
9321at6231	Complete	B	1	2
9327at6231	Complete	N	1	2
9440at6231	Complete	A	1	2
9453at6231	Complete	D	1	2
9491at6231	Complete	A	1	2
9714at6231	Complete	A	1	2
9915at6231	Complete	B	1	2
9922at6231	Complete	N	1	2
9940at6231	Complete	N	1	2
10134at6231	Complete	N	1	2
10197at6231	Complete	A	1	2
10233at6231	Complete	B	1	2
10373at6231	Complete	D	1	2
10389at6231	Complete	E	1	2
10466at6231	Complete	C	1	2
10498at6231	Complete	A	1	2
10513at6231	Complete	A	1	2
10534at6231	Complete	A	1	2
10625at6231	Complete	D	1	2
10661at6231	Complete	A	1	2
10708at6231	Complete	E	1	2
10732at6231	Complete	E	1	2
10755at6231	Complete	C	1	2
10827at6231	Complete	A	1	2
10953at6231	Complete	A	1	2
10961at6231	Complete	B	1	2
10987at6231	Complete	B	1	2
11046at6231	Complete	A	1	2
11191at6231	Complete	C	1	2
11327at6231	Complete	C	1	2
11344at6231	Complete	B	1	2
11372at6231	Complete	A	1	2
11397at6231	Complete	A	1	2
458at6231	Complete	E	1	2
2931at6231	Complete	E	1	2
4661at6231	Complete	X	1	2
4910at6231	Complete	X	1	2
5087at6231	Complete	C	1	2
5415at6231	Complete	B	1	2
7033at6231	Complete	X	1	2
10139at6231	Complete	C	1	2
11126at6231	Complete	C	1	2
